{
    "object_count": 2,
    "object_names": [
        "CurveA",
        "CurveB"
    ],
    "CurveA": [
        [
            {
                "handle_left": [
                    2.1855694143368964e-08,
                    0.5,
                    -0.4999999701976776
                ],
                "control_point": [
                    0.0,
                    0.0,
                    0.0
                ],
                "handle_right": [
                    -2.1855694143368964e-08,
                    -0.5,
                    0.4999999701976776
                ]
            },
            {
                "handle_left": [
                    0.0,
                    1.0,
                    100.0
                ],
                "control_point": [
                    0.0,
                    0.0,
                    100.0
                ],
                "handle_right": [
                    0.0,
                    -1.0,
                    100.0
                ]
            }
        ]
    ],
    "CurveB": [
        [
            {
                "handle_left": [
                    2.1855694143368964e-08,
                    0.5,
                    99.5
                ],
                "control_point": [
                    0.0,
                    5.908134426135803e-09,
                    100.0
                ],
                "handle_right": [
                    -2.1855694143368964e-08,
                    -0.5,
                    100.5
                ]
            },
            {
                "handle_left": [
                    -100.0,
                    1.0,
                    100.0
                ],
                "control_point": [
                    -100.0,
                    0.0,
                    100.0
                ],
                "handle_right": [
                    -100.0,
                    -1.0,
                    100.0
                ]
            }
        ]
    ]
}